day,hour,T,wind_dir,wind_speed,P,date
1,0,27.5,193,6.7,1007.6,2021-08-31 16:00:00+00:00
1,1,27.4,193,7,1007.4,2021-08-31 17:00:00+00:00
1,2,27.3,198,6.6,1007.1,2021-08-31 18:00:00+00:00
1,3,27.3,200,7.1,1006.7,2021-08-31 19:00:00+00:00
1,4,27.2,204,7.3,1006.3,2021-08-31 20:00:00+00:00
1,5,27.1,209,7.7,1006,2021-08-31 21:00:00+00:00
1,6,27.1,207,7.2,1005.9,2021-08-31 22:00:00+00:00
1,7,27,207,6.8,1005.7,2021-08-31 23:00:00+00:00
1,8,27,216,7.9,1006.2,2021-09-01 00:00:00+00:00
1,9,26.9,214,5.8,1006.7,2021-09-01 01:00:00+00:00
1,10,27.1,214,6.1,1007,2021-09-01 02:00:00+00:00
1,11,27.8,214,6,1006.9,2021-09-01 03:00:00+00:00
1,12,28.4,218,6.3,1007,2021-09-01 04:00:00+00:00
1,13,29.1,220,5.6,1006.9,2021-09-01 05:00:00+00:00
1,14,29.7,217,4.8,1006.5,2021-09-01 06:00:00+00:00
1,15,30.6,224,4.7,1006.3,2021-09-01 07:00:00+00:00
1,16,30.4,212,3.8,1005.8,2021-09-01 08:00:00+00:00
1,17,30.2,207,3.6,1005.5,2021-09-01 09:00:00+00:00
1,18,29.9,212,4.8,1004.9,2021-09-01 10:00:00+00:00
1,19,29.2,202,4.5,1005,2021-09-01 11:00:00+00:00
1,20,28.5,201,3.5,1004.9,2021-09-01 12:00:00+00:00
1,21,28,200,3.1,1005.1,2021-09-01 13:00:00+00:00
1,22,27.7,192,2.1,1005.5,2021-09-01 14:00:00+00:00
1,23,27.5,190,2.5,1005.9,2021-09-01 15:00:00+00:00
2,0,27.5,199,3.2,1006.3,2021-09-01 16:00:00+00:00
2,1,27.4,205,4.1,1006.3,2021-09-01 17:00:00+00:00
2,2,27.3,219,4,1006.1,2021-09-01 18:00:00+00:00
2,3,27.3,208,4,1005.8,2021-09-01 19:00:00+00:00
2,4,27.3,212,4.6,1005.6,2021-09-01 20:00:00+00:00
2,5,27.2,219,5.9,1005.4,2021-09-01 21:00:00+00:00
2,6,27.1,213,5.2,1004.7,2021-09-01 22:00:00+00:00
2,7,27,204,5,1004.3,2021-09-01 23:00:00+00:00
2,8,27,213,6,1004.1,2021-09-02 00:00:00+00:00
2,9,27.1,210,5.3,1004.2,2021-09-02 01:00:00+00:00
2,10,27.3,219,7.3,1004.5,2021-09-02 02:00:00+00:00
2,11,28,216,5.5,1004.5,2021-09-02 03:00:00+00:00
2,12,28.5,214,4.7,1004.8,2021-09-02 04:00:00+00:00
2,13,29.6,229,3.6,1005.2,2021-09-02 05:00:00+00:00
2,14,29.5,211,2.8,1004.6,2021-09-02 06:00:00+00:00
2,15,29.3,202,3.5,1003.6,2021-09-02 07:00:00+00:00
2,16,29.7,193,2.8,1003.2,2021-09-02 08:00:00+00:00
2,17,29.1,192,3.2,1002.1,2021-09-02 09:00:00+00:00
2,18,28.5,198,3.1,1002.9,2021-09-02 10:00:00+00:00
2,19,28,210,3.2,1003,2021-09-02 11:00:00+00:00
2,20,26.8,43,3.8,1002.9,2021-09-02 12:00:00+00:00
2,21,26.8,113,4.3,1002.1,2021-09-02 13:00:00+00:00
2,22,27.3,146,2.6,1002.1,2021-09-02 14:00:00+00:00
2,23,27.5,199,2.7,1002.7,2021-09-02 15:00:00+00:00
3,0,27.5,215,3.4,1003,2021-09-02 16:00:00+00:00
3,1,27.2,242,4.3,1003.1,2021-09-02 17:00:00+00:00
3,2,27.3,271,5.3,1002.9,2021-09-02 18:00:00+00:00
3,3,27.2,296,5.3,1003,2021-09-02 19:00:00+00:00
3,4,27,293,4,1002.4,2021-09-02 20:00:00+00:00
3,5,27,282,2.9,1002.1,2021-09-02 21:00:00+00:00
3,6,26.9,283,3.2,1002.1,2021-09-02 22:00:00+00:00
3,7,27.1,295,3.1,1002.2,2021-09-02 23:00:00+00:00
3,8,25.4,347,4.7,1002.3,2021-09-03 00:00:00+00:00
3,9,25.9,356,2.4,1002.8,2021-09-03 01:00:00+00:00
3,10,26.7,357,4.4,1002.8,2021-09-03 02:00:00+00:00
3,11,26.3,15,5.9,1003.5,2021-09-03 03:00:00+00:00
3,12,26.8,16,4.9,1003.7,2021-09-03 04:00:00+00:00
3,13,26.5,1,4.6,1003.8,2021-09-03 05:00:00+00:00
3,14,26,350,2.5,1003.7,2021-09-03 06:00:00+00:00
3,15,27,357,3,1003.4,2021-09-03 07:00:00+00:00
3,16,27.7,10,3.5,1003.2,2021-09-03 08:00:00+00:00
3,17,28.2,11,4.7,1003.2,2021-09-03 09:00:00+00:00
3,18,27.6,30,3.6,1003.1,2021-09-03 10:00:00+00:00
3,19,27.6,78,3.2,1003.3,2021-09-03 11:00:00+00:00
3,20,27.4,78,2.3,1003.2,2021-09-03 12:00:00+00:00
3,21,26.8,87,2.4,1003.1,2021-09-03 13:00:00+00:00
3,22,26.2,83,2.1,1003.3,2021-09-03 14:00:00+00:00
3,23,26.3,82,2.3,1004.5,2021-09-03 15:00:00+00:00
4,0,26.5,83,3,1005,2021-09-03 16:00:00+00:00
4,1,26.2,78,2.8,1005.4,2021-09-03 17:00:00+00:00
4,2,26,80,2.3,1005.4,2021-09-03 18:00:00+00:00
4,3,26.2,77,2.4,1005.5,2021-09-03 19:00:00+00:00
4,4,26.3,72,4.2,1004.9,2021-09-03 20:00:00+00:00
4,5,26.2,86,3.7,1004.8,2021-09-03 21:00:00+00:00
4,6,26.1,83,5.4,1004.4,2021-09-03 22:00:00+00:00
4,7,26,83,3.9,1004.3,2021-09-03 23:00:00+00:00
4,8,26.6,105,4.5,1004.6,2021-09-04 00:00:00+00:00
4,9,26.8,108,4.3,1004.9,2021-09-04 01:00:00+00:00
4,10,27.1,107,4.9,1005.2,2021-09-04 02:00:00+00:00
4,11,27.4,106,6,1005.3,2021-09-04 03:00:00+00:00
4,12,28.1,109,6.5,1005.9,2021-09-04 04:00:00+00:00
4,13,28.2,103,4.7,1006.2,2021-09-04 05:00:00+00:00
4,14,29.6,243,1.4,1006,2021-09-04 06:00:00+00:00
4,15,29.4,179,2.6,1005.7,2021-09-04 07:00:00+00:00
4,16,28.3,180,5.1,1005.5,2021-09-04 08:00:00+00:00
4,17,28.3,175,5.5,1005.4,2021-09-04 09:00:00+00:00
4,18,28.2,173,6.4,1005.1,2021-09-04 10:00:00+00:00
4,19,28.1,191,4,1005.2,2021-09-04 11:00:00+00:00
4,20,28,179,1.1,1005.3,2021-09-04 12:00:00+00:00
4,21,27.9,169,5.1,1005.6,2021-09-04 13:00:00+00:00
4,22,27.9,169,7.2,1005.8,2021-09-04 14:00:00+00:00
4,23,28,166,8,1006.6,2021-09-04 15:00:00+00:00
5,0,28,168,7.9,1007,2021-09-04 16:00:00+00:00
5,1,27.9,178,6.4,1007.2,2021-09-04 17:00:00+00:00
5,2,27.7,184,5.9,1007.1,2021-09-04 18:00:00+00:00
5,3,27.7,182,7.3,1006.6,2021-09-04 19:00:00+00:00
5,4,27.5,186,6.7,1006.2,2021-09-04 20:00:00+00:00
5,5,27.4,180,7.4,1006,2021-09-04 21:00:00+00:00
5,6,27.3,181,6.8,1005.9,2021-09-04 22:00:00+00:00
5,7,27.2,178,6.8,1005.6,2021-09-04 23:00:00+00:00
5,8,27.1,172,7,1005.6,2021-09-05 00:00:00+00:00
5,9,27.2,170,7.7,1006,2021-09-05 01:00:00+00:00
5,10,27.4,167,5.8,1006.4,2021-09-05 02:00:00+00:00
5,11,27.7,171,6.7,1006.8,2021-09-05 03:00:00+00:00
5,12,28,176,6.4,1007.3,2021-09-05 04:00:00+00:00
5,13,28.4,185,5.4,1007.7,2021-09-05 05:00:00+00:00
5,14,29,181,6,1007.4,2021-09-05 06:00:00+00:00
5,15,29.3,182,6.4,1006.5,2021-09-05 07:00:00+00:00
5,16,28.9,189,4.5,1006.3,2021-09-05 08:00:00+00:00
5,17,29,189,5.3,1006.5,2021-09-05 09:00:00+00:00
5,18,28.6,175,4.7,1006.3,2021-09-05 10:00:00+00:00
5,19,28.2,174,5.6,1006.3,2021-09-05 11:00:00+00:00
5,20,27.7,161,7,1006.1,2021-09-05 12:00:00+00:00
5,21,27.6,166,6.4,1006.4,2021-09-05 13:00:00+00:00
5,22,27.8,159,5.5,1007.2,2021-09-05 14:00:00+00:00
5,23,27.7,164,7.1,1007.8,2021-09-05 15:00:00+00:00
6,0,27.7,165,7.3,1007.8,2021-09-05 16:00:00+00:00
6,1,27.7,179,7.3,1007.9,2021-09-05 17:00:00+00:00
6,2,27.8,175,6.8,1008.3,2021-09-05 18:00:00+00:00
6,3,27.7,181,6.6,1008.1,2021-09-05 19:00:00+00:00
6,4,27.6,184,5.9,1007.8,2021-09-05 20:00:00+00:00
6,5,27.4,204,3.9,1008,2021-09-05 21:00:00+00:00
6,6,27.3,189,4.4,1007.1,2021-09-05 22:00:00+00:00
6,7,27.1,197,3.8,1007,2021-09-05 23:00:00+00:00
6,8,27,194,3.3,1007,2021-09-06 00:00:00+00:00
6,9,27,195,3.3,1007.1,2021-09-06 01:00:00+00:00
6,10,27.3,208,3.7,1007.6,2021-09-06 02:00:00+00:00
6,11,27.9,202,3.2,1008,2021-09-06 03:00:00+00:00
6,12,28.6,194,2.7,1008.2,2021-09-06 04:00:00+00:00
6,13,29.3,207,2.9,1008.4,2021-09-06 05:00:00+00:00
6,14,30.3,221,2.9,1008,2021-09-06 06:00:00+00:00
6,15,30,217,2.3,1007.6,2021-09-06 07:00:00+00:00
6,16,30.7,222,2.5,1007.1,2021-09-06 08:00:00+00:00
6,17,29.3,210,2,1006.7,2021-09-06 09:00:00+00:00
6,18,31.5,315,1.5,1006.5,2021-09-06 10:00:00+00:00
6,19,30.8,239,1.9,1006.4,2021-09-06 11:00:00+00:00
6,20,29.1,211,1.6,1006.3,2021-09-06 12:00:00+00:00
6,21,28.1,258,1,1006.6,2021-09-06 13:00:00+00:00
6,22,27.7,350,1.6,1007,2021-09-06 14:00:00+00:00
6,23,27.6,354,1.2,1007.8,2021-09-06 15:00:00+00:00
7,0,27.5,189,0.5,1008.1,2021-09-06 16:00:00+00:00
7,1,27.4,232,0.8,1008.1,2021-09-06 17:00:00+00:00
7,2,27.3,319,1.2,1007.8,2021-09-06 18:00:00+00:00
7,3,27.1,10,0.2,1007.2,2021-09-06 19:00:00+00:00
7,4,27,335,1.1,1007.1,2021-09-06 20:00:00+00:00
7,5,26.8,343,0.7,1006.7,2021-09-06 21:00:00+00:00
7,6,26.9,357,1.2,1006.6,2021-09-06 22:00:00+00:00
7,7,26.3,344,2,1006.6,2021-09-06 23:00:00+00:00
7,8,24.9,345,8.6,1006.9,2021-09-07 00:00:00+00:00
7,9,24.8,349,10.2,1007.3,2021-09-07 01:00:00+00:00
7,10,25.1,351,10.4,1007.7,2021-09-07 02:00:00+00:00
7,11,25.5,351,9.8,1008.2,2021-09-07 03:00:00+00:00
7,12,25.9,351,9.6,1008.4,2021-09-07 04:00:00+00:00
7,13,26.1,352,8.9,1008.3,2021-09-07 05:00:00+00:00
7,14,26.7,343,8.1,1008.2,2021-09-07 06:00:00+00:00
7,15,26.5,344,8.7,1007.8,2021-09-07 07:00:00+00:00
7,16,27.2,350,8,1007.5,2021-09-07 08:00:00+00:00
7,17,27.3,350,7.7,1007.2,2021-09-07 09:00:00+00:00
7,18,27.1,352,7.7,1006.9,2021-09-07 10:00:00+00:00
7,19,26.8,357,6.3,1006.6,2021-09-07 11:00:00+00:00
7,20,26.2,353,7.9,1006.5,2021-09-07 12:00:00+00:00
7,21,25.8,3,9.4,1006.6,2021-09-07 13:00:00+00:00
7,22,25.5,15,8.6,1007.2,2021-09-07 14:00:00+00:00
7,23,25.5,21,7.8,1007.9,2021-09-07 15:00:00+00:00
8,0,25.4,32,7.1,1008.1,2021-09-07 16:00:00+00:00
8,1,25.3,21,5.1,1008.2,2021-09-07 17:00:00+00:00
8,2,25,14,5,1008,2021-09-07 18:00:00+00:00
8,3,24.9,17,5.3,1007.4,2021-09-07 19:00:00+00:00
8,4,25,13,5.8,1007,2021-09-07 20:00:00+00:00
8,5,24.8,8,6.4,1006.7,2021-09-07 21:00:00+00:00
8,6,24.8,13,4.5,1007,2021-09-07 22:00:00+00:00
8,7,24.8,8,4.7,1007.1,2021-09-07 23:00:00+00:00
8,8,24.9,4,5.5,1007.3,2021-09-08 00:00:00+00:00
8,9,24.8,13,3.7,1007.6,2021-09-08 01:00:00+00:00
8,10,25.1,17,5.1,1007.6,2021-09-08 02:00:00+00:00
8,11,26,14,5.6,1007.5,2021-09-08 03:00:00+00:00
8,12,26.2,25,5.3,1007.8,2021-09-08 04:00:00+00:00
8,13,26.5,16,5.8,1008,2021-09-08 05:00:00+00:00
8,14,26.7,15,4.8,1008.1,2021-09-08 06:00:00+00:00
8,15,26.6,25,2.9,1007.7,2021-09-08 07:00:00+00:00
8,16,27.8,19,3,1007.3,2021-09-08 08:00:00+00:00
8,17,27.1,13,5,1007,2021-09-08 09:00:00+00:00
8,18,26.8,35,2.7,1006.9,2021-09-08 10:00:00+00:00
8,19,26.6,35,2.4,1007,2021-09-08 11:00:00+00:00
8,20,26.5,47,2.9,1007.1,2021-09-08 12:00:00+00:00
8,21,25.7,75,3.1,1007.1,2021-09-08 13:00:00+00:00
8,22,25.4,75,2.1,1007.7,2021-09-08 14:00:00+00:00
8,23,25.2,80,2.7,1008.1,2021-09-08 15:00:00+00:00
9,0,25.6,115,1.7,1008.6,2021-09-08 16:00:00+00:00
9,1,25.5,81,2.1,1008.5,2021-09-08 17:00:00+00:00
9,2,25.9,121,1.8,1008.3,2021-09-08 18:00:00+00:00
9,3,26,108,2.1,1008.2,2021-09-08 19:00:00+00:00
9,4,25.8,83,1.6,1007.9,2021-09-08 20:00:00+00:00
9,5,26.2,107,0.9,1008.1,2021-09-08 21:00:00+00:00
9,6,26.3,103,2.6,1007.9,2021-09-08 22:00:00+00:00
9,7,26.2,97,2.2,1007.5,2021-09-08 23:00:00+00:00
9,8,26.1,72,1.4,1007.5,2021-09-09 00:00:00+00:00
9,9,26.2,100,2.4,1007.9,2021-09-09 01:00:00+00:00
9,10,26.3,96,1.9,1007.9,2021-09-09 02:00:00+00:00
9,11,26.1,107,2,1008.3,2021-09-09 03:00:00+00:00
9,12,25.8,101,4.2,1008.6,2021-09-09 04:00:00+00:00
9,13,26.5,109,6.4,1008.4,2021-09-09 05:00:00+00:00
9,14,27.3,106,7.3,1008.2,2021-09-09 06:00:00+00:00
9,15,28.8,105,3.9,1007.9,2021-09-09 07:00:00+00:00
9,16,29,117,1.7,1007,2021-09-09 08:00:00+00:00
9,17,27.6,172,7.6,1006.8,2021-09-09 09:00:00+00:00
9,18,27.9,173,7.8,1006.2,2021-09-09 10:00:00+00:00
9,19,28.1,174,6.6,1006.4,2021-09-09 11:00:00+00:00
9,20,27.3,167,7.6,1006.5,2021-09-09 12:00:00+00:00
9,21,27,166,7.1,1006.6,2021-09-09 13:00:00+00:00
9,22,26.9,165,7.5,1006.8,2021-09-09 14:00:00+00:00
9,23,27.1,170,7.1,1007.5,2021-09-09 15:00:00+00:00
10,0,26.9,165,8.4,1006.9,2021-09-09 16:00:00+00:00
10,1,26.9,166,9,1006.9,2021-09-09 17:00:00+00:00
10,2,27,178,8.4,1007,2021-09-09 18:00:00+00:00
10,3,27,189,6.9,1006.5,2021-09-09 19:00:00+00:00
10,4,26.9,192,4.8,1006.3,2021-09-09 20:00:00+00:00
10,5,26.8,192,3.9,1006.1,2021-09-09 21:00:00+00:00
10,6,26.7,195,4.5,1005.8,2021-09-09 22:00:00+00:00
10,7,26.5,205,4.5,1005.8,2021-09-09 23:00:00+00:00
10,8,26.3,204,3.9,1006,2021-09-10 00:00:00+00:00
10,9,26.2,216,3.2,1006,2021-09-10 01:00:00+00:00
10,10,26.7,216,2.3,1006.8,2021-09-10 02:00:00+00:00
10,11,27.6,176,2.5,1007.1,2021-09-10 03:00:00+00:00
10,12,28.4,145,2.1,1007.6,2021-09-10 04:00:00+00:00
10,13,27.8,93,6.9,1007.8,2021-09-10 05:00:00+00:00
10,14,28.3,97,7.3,1007.4,2021-09-10 06:00:00+00:00
10,15,27.6,104,8.2,1006.8,2021-09-10 07:00:00+00:00
10,16,27.9,106,8.7,1006.2,2021-09-10 08:00:00+00:00
10,17,27.7,109,9.8,1005.9,2021-09-10 09:00:00+00:00
10,18,27.4,109,8.6,1006.3,2021-09-10 10:00:00+00:00
10,19,27.2,106,8.9,1006.9,2021-09-10 11:00:00+00:00
10,20,27.1,102,7.2,1006.2,2021-09-10 12:00:00+00:00
10,21,27.1,105,4.8,1006.3,2021-09-10 13:00:00+00:00
10,22,27,192,1.8,1006.3,2021-09-10 14:00:00+00:00
10,23,27,185,4,1006.2,2021-09-10 15:00:00+00:00
11,0,27.2,181,6.3,1006.8,2021-09-10 16:00:00+00:00
11,1,27.1,168,8.4,1006.7,2021-09-10 17:00:00+00:00
11,2,27,165,4.3,1006.6,2021-09-10 18:00:00+00:00
11,3,26.9,167,6.2,1006.4,2021-09-10 19:00:00+00:00
11,4,26.9,163,5.1,1006.2,2021-09-10 20:00:00+00:00
11,5,26.8,166,3.1,1006,2021-09-10 21:00:00+00:00
11,6,26.9,117,1,1005.7,2021-09-10 22:00:00+00:00
11,7,26.5,10,1.5,1005.6,2021-09-10 23:00:00+00:00
11,8,26.3,67,1.8,1005.4,2021-09-11 00:00:00+00:00
11,9,26.3,357,1.5,1005.4,2021-09-11 01:00:00+00:00
11,10,26.9,45,3.6,1005.6,2021-09-11 02:00:00+00:00
11,11,27,54,5,1005.9,2021-09-11 03:00:00+00:00
11,12,27.2,71,5.8,1006.1,2021-09-11 04:00:00+00:00
11,13,27.8,82,9.3,1005.9,2021-09-11 05:00:00+00:00
11,14,28.3,79,7.5,1005.4,2021-09-11 06:00:00+00:00
11,15,27.9,84,9.8,1004.6,2021-09-11 07:00:00+00:00
11,16,28.5,79,7.8,1003.6,2021-09-11 08:00:00+00:00
11,17,27.7,98,7.1,1004,2021-09-11 09:00:00+00:00
11,18,28.7,75,4.5,1003.1,2021-09-11 10:00:00+00:00
11,19,28.1,98,6.9,1003.3,2021-09-11 11:00:00+00:00
11,20,27.4,103,7.4,1003.1,2021-09-11 12:00:00+00:00
11,21,27.1,103,4.9,1003.4,2021-09-11 13:00:00+00:00
11,22,26.8,103,4.9,1003.3,2021-09-11 14:00:00+00:00
11,23,26.9,106,6.8,1003.9,2021-09-11 15:00:00+00:00
12,0,26.7,102,5.9,1004.4,2021-09-11 16:00:00+00:00
12,1,26.6,79,4.2,1003.7,2021-09-11 17:00:00+00:00
12,2,26.7,103,5.2,1003.6,2021-09-11 18:00:00+00:00
12,3,26.7,96,3.7,1004,2021-09-11 19:00:00+00:00
12,4,26.4,183,2.3,1003.3,2021-09-11 20:00:00+00:00
12,5,26.4,171,4.3,1002.6,2021-09-11 21:00:00+00:00
12,6,26.1,127,1.1,1002.2,2021-09-11 22:00:00+00:00
12,7,26,170,2.9,1002.3,2021-09-11 23:00:00+00:00
12,8,26,183,3,1002.6,2021-09-12 00:00:00+00:00
12,9,25.3,105,2.2,1002.3,2021-09-12 01:00:00+00:00
12,10,25.2,109,3.9,1002.6,2021-09-12 02:00:00+00:00
12,11,25.5,48,4.4,1003,2021-09-12 03:00:00+00:00
12,12,25.5,63,5.2,1003.5,2021-09-12 04:00:00+00:00
12,13,25.5,74,5.5,1003.7,2021-09-12 05:00:00+00:00
12,14,25.1,90,7,1003.4,2021-09-12 06:00:00+00:00
12,15,26.5,86,6.1,1002.4,2021-09-12 07:00:00+00:00
12,16,26.4,79,4.5,1002,2021-09-12 08:00:00+00:00
12,17,26.2,87,8,1001.6,2021-09-12 09:00:00+00:00
12,18,25.5,89,8.7,1001.4,2021-09-12 10:00:00+00:00
12,19,24.9,95,8.4,1001.4,2021-09-12 11:00:00+00:00
12,20,24.8,80,7.6,1001.6,2021-09-12 12:00:00+00:00
12,21,25.4,83,8.2,1001.4,2021-09-12 13:00:00+00:00
12,22,24.8,93,8.7,1001.3,2021-09-12 14:00:00+00:00
12,23,24.7,86,9.6,1001,2021-09-12 15:00:00+00:00
13,0,24.6,94,11.6,1001.1,2021-09-12 16:00:00+00:00
13,1,24.6,82,8.6,1000.9,2021-09-12 17:00:00+00:00
13,2,24.6,82,11.7,1000.6,2021-09-12 18:00:00+00:00
13,3,24.9,80,13.9,999.7,2021-09-12 19:00:00+00:00
13,4,25.4,78,12.4,999.6,2021-09-12 20:00:00+00:00
13,5,24.9,89,16.6,999,2021-09-12 21:00:00+00:00
13,6,24.5,90,8.5,997.9,2021-09-12 22:00:00+00:00
13,7,24.7,60,6,996.9,2021-09-12 23:00:00+00:00
13,8,25,63,4.8,996,2021-09-13 00:00:00+00:00
13,9,25.5,88,10.4,995.3,2021-09-13 01:00:00+00:00
13,10,25.3,91,5.4,994.9,2021-09-13 02:00:00+00:00
13,11,25.3,50,6.3,994.4,2021-09-13 03:00:00+00:00
13,12,25.5,16,8.4,993.9,2021-09-13 04:00:00+00:00
13,13,25.2,37,14.9,992,2021-09-13 05:00:00+00:00
13,14,25.2,39,12.4,991.1,2021-09-13 06:00:00+00:00
13,15,24.9,36,15.9,988.3,2021-09-13 07:00:00+00:00
13,16,24.8,18,25.3,984.1,2021-09-13 08:00:00+00:00
13,17,25.4,14,26.7,981.5,2021-09-13 09:00:00+00:00
13,18,25.5,5,26.1,979.5,2021-09-13 10:00:00+00:00
13,19,25.1,357,29.5,978.5,2021-09-13 11:00:00+00:00
13,20,25.4,349,30.3,978.5,2021-09-13 12:00:00+00:00
13,21,25.4,333,22.3,979.9,2021-09-13 13:00:00+00:00
13,22,25.4,326,22.8,981,2021-09-13 14:00:00+00:00
13,23,25.4,327,17.6,982.6,2021-09-13 15:00:00+00:00
14,0,25.4,327,16.8,984.4,2021-09-13 16:00:00+00:00
14,1,25.8,320,12.9,985.2,2021-09-13 17:00:00+00:00
14,2,25.6,312,12.1,985.4,2021-09-13 18:00:00+00:00
14,3,25.5,319,14.7,985.1,2021-09-13 19:00:00+00:00
14,4,25.8,320,16,985,2021-09-13 20:00:00+00:00
14,5,25.8,324,18.7,985.1,2021-09-13 21:00:00+00:00
14,6,25.7,326,20.2,985.7,2021-09-13 22:00:00+00:00
14,7,25.5,329,17.8,987.5,2021-09-13 23:00:00+00:00
14,8,25.6,328,16.9,989.4,2021-09-14 00:00:00+00:00
14,9,25,328,16.6,990.4,2021-09-14 01:00:00+00:00
14,10,24.8,336,18.3,991.3,2021-09-14 02:00:00+00:00
14,11,24.8,336,19,992.6,2021-09-14 03:00:00+00:00
14,12,25,339,20.7,993.7,2021-09-14 04:00:00+00:00
14,13,24.8,348,24.6,994.6,2021-09-14 05:00:00+00:00
14,14,24.5,339,22.8,995.1,2021-09-14 06:00:00+00:00
14,15,24.4,339,23.3,995.2,2021-09-14 07:00:00+00:00
14,16,24.5,340,23.5,995.7,2021-09-14 08:00:00+00:00
14,17,24.3,340,23.5,996.4,2021-09-14 09:00:00+00:00
14,18,24.2,341,23.5,996.9,2021-09-14 10:00:00+00:00
14,19,24,346,21.5,997.8,2021-09-14 11:00:00+00:00
14,20,23.7,351,22,998.5,2021-09-14 12:00:00+00:00
14,21,23.5,353,21.7,998.8,2021-09-14 13:00:00+00:00
14,22,23.7,352,22.1,999.4,2021-09-14 14:00:00+00:00
14,23,24.1,351,23.1,1000.4,2021-09-14 15:00:00+00:00
15,0,23.9,352,21.5,1000.8,2021-09-14 16:00:00+00:00
15,1,24.4,351,21.6,1001,2021-09-14 17:00:00+00:00
15,2,24.4,356,18.6,1001.2,2021-09-14 18:00:00+00:00
15,3,24.3,355,19.7,1000.9,2021-09-14 19:00:00+00:00
15,4,24.5,356,17.8,1000.8,2021-09-14 20:00:00+00:00
15,5,24.3,355,17.4,1000.8,2021-09-14 21:00:00+00:00
15,6,24.3,354,18.4,1000.7,2021-09-14 22:00:00+00:00
15,7,24,354,17.6,1001,2021-09-14 23:00:00+00:00
15,8,24,352,17.7,1001.2,2021-09-15 00:00:00+00:00
15,9,24.1,352,19.9,1001.2,2021-09-15 01:00:00+00:00
15,10,24.1,353,17.8,1001.6,2021-09-15 02:00:00+00:00
15,11,24.2,352,18,1002.4,2021-09-15 03:00:00+00:00
15,12,24.2,355,15.6,1002.7,2021-09-15 04:00:00+00:00
15,13,24.1,0,16.4,1002.9,2021-09-15 05:00:00+00:00
15,14,24,357,14.8,1002.9,2021-09-15 06:00:00+00:00
15,15,24.3,357,14.3,1002.5,2021-09-15 07:00:00+00:00
15,16,24.7,4,17.3,1002.1,2021-09-15 08:00:00+00:00
15,17,24.8,4,17.1,1001.9,2021-09-15 09:00:00+00:00
15,18,24.8,4,16.9,1001.8,2021-09-15 10:00:00+00:00
15,19,24.5,6,15.8,1002.3,2021-09-15 11:00:00+00:00
15,20,24.4,7,14.6,1002.4,2021-09-15 12:00:00+00:00
15,21,24.2,6,15.3,1002.3,2021-09-15 13:00:00+00:00
15,22,24.8,10,14.7,1002.3,2021-09-15 14:00:00+00:00
15,23,24.6,14,12.4,1002.8,2021-09-15 15:00:00+00:00
16,0,25,7,13.2,1003.1,2021-09-15 16:00:00+00:00
16,1,25.1,12,14.1,1002.9,2021-09-15 17:00:00+00:00
16,2,25.1,3,13.9,1002.8,2021-09-15 18:00:00+00:00
16,3,24.6,6,15.7,1002,2021-09-15 19:00:00+00:00
16,4,24.5,2,15,1001.8,2021-09-15 20:00:00+00:00
16,5,24.5,4,16.9,1001.1,2021-09-15 21:00:00+00:00
16,6,23.9,4,17.4,1000.8,2021-09-15 22:00:00+00:00
16,7,23.9,4,15.3,1000.4,2021-09-15 23:00:00+00:00
16,8,23.9,0,16.7,1000.6,2021-09-16 00:00:00+00:00
16,9,24,357,15,1000.9,2021-09-16 01:00:00+00:00
16,10,24.1,0,15.6,1001.4,2021-09-16 02:00:00+00:00
16,11,23.2,355,17.2,1001.7,2021-09-16 03:00:00+00:00
16,12,24,353,17.1,1001.8,2021-09-16 04:00:00+00:00
16,13,23.8,353,17.4,1001.7,2021-09-16 05:00:00+00:00
16,14,23.3,358,16.6,1001.6,2021-09-16 06:00:00+00:00
16,15,23.1,349,17.9,1001.1,2021-09-16 07:00:00+00:00
16,16,23,350,17.2,1000.7,2021-09-16 08:00:00+00:00
16,17,22.9,351,18.4,1000.8,2021-09-16 09:00:00+00:00
16,18,22.7,347,18.1,1000.7,2021-09-16 10:00:00+00:00
16,19,23.3,343,15.4,1001.6,2021-09-16 11:00:00+00:00
16,20,24.2,348,15.9,1001.7,2021-09-16 12:00:00+00:00
16,21,24.6,349,17.9,1001.6,2021-09-16 13:00:00+00:00
16,22,24.6,345,15.7,1002.3,2021-09-16 14:00:00+00:00
16,23,24.8,340,14.9,1002.9,2021-09-16 15:00:00+00:00
17,0,24.7,343,14,1003.6,2021-09-16 16:00:00+00:00
17,1,24.6,331,10.4,1003.7,2021-09-16 17:00:00+00:00
17,2,24.5,324,11.4,1003.7,2021-09-16 18:00:00+00:00
17,3,24.4,319,10.1,1003.9,2021-09-16 19:00:00+00:00
17,4,24,315,8.9,1003.6,2021-09-16 20:00:00+00:00
17,5,23.8,329,9.9,1003.4,2021-09-16 21:00:00+00:00
17,6,23.8,331,9.3,1003.4,2021-09-16 22:00:00+00:00
17,7,23.5,331,8.6,1003.5,2021-09-16 23:00:00+00:00
17,8,23.3,331,8.1,1004.1,2021-09-17 00:00:00+00:00
17,9,23.4,332,8.2,1004.8,2021-09-17 01:00:00+00:00
17,10,23.6,335,8.4,1005.4,2021-09-17 02:00:00+00:00
17,11,23.7,321,7.5,1006.2,2021-09-17 03:00:00+00:00
17,12,24.2,320,7.5,1006.9,2021-09-17 04:00:00+00:00
17,13,24.9,321,6.7,1007,2021-09-17 05:00:00+00:00
17,14,25.2,320,6.5,1007,2021-09-17 06:00:00+00:00
17,15,25.2,326,8.8,1006.5,2021-09-17 07:00:00+00:00
17,16,25.5,330,7.6,1006.1,2021-09-17 08:00:00+00:00
17,17,25.9,325,7.1,1005.9,2021-09-17 09:00:00+00:00
17,18,25.6,341,8.1,1005.9,2021-09-17 10:00:00+00:00
17,19,25.2,343,8,1006.2,2021-09-17 11:00:00+00:00
17,20,24.6,348,7.6,1006.5,2021-09-17 12:00:00+00:00
17,21,24.1,351,8.5,1006.9,2021-09-17 13:00:00+00:00
17,22,24,357,7.9,1007.3,2021-09-17 14:00:00+00:00
17,23,24.3,4,9.9,1008,2021-09-17 15:00:00+00:00
18,0,24.1,0,8.8,1008.4,2021-09-17 16:00:00+00:00
18,1,24.2,4,8.3,1008.4,2021-09-17 17:00:00+00:00
18,2,24,9,8.7,1008.3,2021-09-17 18:00:00+00:00
18,3,23.6,357,5.1,1008.5,2021-09-17 19:00:00+00:00
18,4,23.4,351,5.2,1008.4,2021-09-17 20:00:00+00:00
18,5,23.2,10,2.2,1008.5,2021-09-17 21:00:00+00:00
18,6,22.9,31,1.8,1008.5,2021-09-17 22:00:00+00:00
18,7,22.9,336,1.3,1008.6,2021-09-17 23:00:00+00:00
18,8,22.8,287,0.4,1008.8,2021-09-18 00:00:00+00:00
18,9,22.7,316,1.3,1009.2,2021-09-18 01:00:00+00:00
18,10,23.7,328,2.1,1009.8,2021-09-18 02:00:00+00:00
18,11,24.4,334,2.6,1010.2,2021-09-18 03:00:00+00:00
18,12,25.4,341,3.4,1010.5,2021-09-18 04:00:00+00:00
18,13,25.7,359,3.3,1010.5,2021-09-18 05:00:00+00:00
18,14,26.5,2,2.8,1010.3,2021-09-18 06:00:00+00:00
18,15,26.4,355,3.4,1009.8,2021-09-18 07:00:00+00:00
18,16,26.1,6,3.9,1009.1,2021-09-18 08:00:00+00:00
18,17,26.3,356,3.3,1009,2021-09-18 09:00:00+00:00
18,18,25.7,3,4.3,1008.7,2021-09-18 10:00:00+00:00
18,19,25.5,10,3.5,1008.7,2021-09-18 11:00:00+00:00
18,20,25,8,3.9,1009,2021-09-18 12:00:00+00:00
18,21,24.2,37,2,1008.9,2021-09-18 13:00:00+00:00
18,22,24.1,73,1.1,1009.3,2021-09-18 14:00:00+00:00
18,23,24,86,2.4,1010,2021-09-18 15:00:00+00:00
19,0,23.9,78,2.4,1010.2,2021-09-18 16:00:00+00:00
19,1,23.6,83,2.4,1010.3,2021-09-18 17:00:00+00:00
19,2,23.6,81,2.3,1010.2,2021-09-18 18:00:00+00:00
19,3,23.5,95,1.2,1010,2021-09-18 19:00:00+00:00
19,4,23.8,130,1.8,1009.6,2021-09-18 20:00:00+00:00
19,5,23.7,113,2.5,1009.2,2021-09-18 21:00:00+00:00
19,6,24,196,3.1,1008.9,2021-09-18 22:00:00+00:00
19,7,23.8,199,2.7,1008.8,2021-09-18 23:00:00+00:00
19,8,23.6,198,2.5,1008.9,2021-09-19 00:00:00+00:00
19,9,23.7,140,2,1009,2021-09-19 01:00:00+00:00
19,10,24.4,174,2.7,1009.2,2021-09-19 02:00:00+00:00
19,11,25.4,184,2.5,1009.5,2021-09-19 03:00:00+00:00
19,12,25.9,175,2.9,1009.5,2021-09-19 04:00:00+00:00
19,13,25.7,170,4.5,1009.3,2021-09-19 05:00:00+00:00
19,14,26.4,174,4,1008.8,2021-09-19 06:00:00+00:00
19,15,25.3,175,4.1,1008.3,2021-09-19 07:00:00+00:00
19,16,25.8,154,3.5,1007.5,2021-09-19 08:00:00+00:00
19,17,25.7,173,6.4,1006.7,2021-09-19 09:00:00+00:00
19,18,25.9,178,6.1,1006.6,2021-09-19 10:00:00+00:00
19,19,25.5,178,6.6,1006.6,2021-09-19 11:00:00+00:00
19,20,25.1,182,7.2,1006.7,2021-09-19 12:00:00+00:00
19,21,24.7,178,7.7,1006.7,2021-09-19 13:00:00+00:00
19,22,24.6,179,7.6,1007,2021-09-19 14:00:00+00:00
19,23,24.8,177,8.3,1007.7,2021-09-19 15:00:00+00:00
20,0,24.9,173,8.9,1007.5,2021-09-19 16:00:00+00:00
20,1,25,172,9.5,1007.4,2021-09-19 17:00:00+00:00
20,2,25.1,182,10.1,1006.8,2021-09-19 18:00:00+00:00
20,3,25,182,10,1006.2,2021-09-19 19:00:00+00:00
20,4,25,184,10,1005.4,2021-09-19 20:00:00+00:00
20,5,25.1,183,10.3,1004.8,2021-09-19 21:00:00+00:00
20,6,25.3,188,7.7,1004.3,2021-09-19 22:00:00+00:00
20,7,25.3,188,7.4,1003.9,2021-09-19 23:00:00+00:00
20,8,25.3,183,10.3,1003.9,2021-09-20 00:00:00+00:00
20,9,25.5,188,7.6,1004.2,2021-09-20 01:00:00+00:00
20,10,25.6,182,8.7,1004.6,2021-09-20 02:00:00+00:00
20,11,25.8,184,8.7,1004.5,2021-09-20 03:00:00+00:00
20,12,26.5,187,8.7,1004.4,2021-09-20 04:00:00+00:00
20,13,26.7,189,6.7,1004.3,2021-09-20 05:00:00+00:00
20,14,26.9,192,6.8,1003.7,2021-09-20 06:00:00+00:00
20,15,27.4,189,6.7,1002.7,2021-09-20 07:00:00+00:00
20,16,27.1,193,6.6,1002.1,2021-09-20 08:00:00+00:00
20,17,27.5,191,5.7,1001.6,2021-09-20 09:00:00+00:00
20,18,27.4,195,5.8,1001.3,2021-09-20 10:00:00+00:00
20,19,27.2,186,6.4,1001.1,2021-09-20 11:00:00+00:00
20,20,26.7,180,5.7,1001.8,2021-09-20 12:00:00+00:00
20,21,26.4,165,5.9,1001.4,2021-09-20 13:00:00+00:00
20,22,26.3,180,6.1,1002.3,2021-09-20 14:00:00+00:00
20,23,26.3,226,4.3,1003,2021-09-20 15:00:00+00:00
21,0,26.3,204,4.3,1003.6,2021-09-20 16:00:00+00:00
21,1,26.3,223,5.7,1002.7,2021-09-20 17:00:00+00:00
21,2,24.3,345,11,1003.3,2021-09-20 18:00:00+00:00
21,3,24.3,346,9.7,1003.6,2021-09-20 19:00:00+00:00
21,4,24.4,336,7.8,1003.5,2021-09-20 20:00:00+00:00
21,5,24.5,338,7.5,1003.8,2021-09-20 21:00:00+00:00
21,6,24.3,338,4.9,1003.8,2021-09-20 22:00:00+00:00
21,7,24.2,322,3.9,1004.3,2021-09-20 23:00:00+00:00
21,8,24,336,4.1,1004.4,2021-09-21 00:00:00+00:00
21,9,24,347,4.4,1004.6,2021-09-21 01:00:00+00:00
21,10,24.7,351,3.2,1005,2021-09-21 02:00:00+00:00
21,11,25.4,343,3.2,1005.3,2021-09-21 03:00:00+00:00
21,12,26.1,341,3,1005.7,2021-09-21 04:00:00+00:00
21,13,26.6,343,2,1005.8,2021-09-21 05:00:00+00:00
21,14,26.9,350,1.7,1005.6,2021-09-21 06:00:00+00:00
21,15,27.9,214,1.9,1004.9,2021-09-21 07:00:00+00:00
21,16,28.3,235,3.9,1004.3,2021-09-21 08:00:00+00:00
21,17,27.3,206,3.5,1003.8,2021-09-21 09:00:00+00:00
21,18,28.4,226,4,1003.5,2021-09-21 10:00:00+00:00
21,19,27,209,3.7,1003.5,2021-09-21 11:00:00+00:00
21,20,26.2,203,3.7,1003.6,2021-09-21 12:00:00+00:00
21,21,25.6,194,3.5,1003.5,2021-09-21 13:00:00+00:00
21,22,25.4,200,4.1,1004,2021-09-21 14:00:00+00:00
21,23,25.4,206,5,1004.8,2021-09-21 15:00:00+00:00
22,0,25.3,207,5.5,1005.3,2021-09-21 16:00:00+00:00
22,1,25.2,213,5.5,1005.4,2021-09-21 17:00:00+00:00
22,2,25.1,219,6.4,1005.6,2021-09-21 18:00:00+00:00
22,3,25.1,205,4.2,1005.7,2021-09-21 19:00:00+00:00
22,4,25,216,5.6,1005.4,2021-09-21 20:00:00+00:00
22,5,25,220,4.8,1005.3,2021-09-21 21:00:00+00:00
22,6,24.8,213,3.6,1005.1,2021-09-21 22:00:00+00:00
22,7,24.8,212,2.7,1005.1,2021-09-21 23:00:00+00:00
22,8,24.8,200,2.7,1005.6,2021-09-22 00:00:00+00:00
22,9,24.8,185,2.5,1006,2021-09-22 01:00:00+00:00
22,10,25.5,180,1.6,1006.4,2021-09-22 02:00:00+00:00
22,11,26.9,184,1.3,1007,2021-09-22 03:00:00+00:00
22,12,27.6,217,2.6,1007.7,2021-09-22 04:00:00+00:00
22,13,28.5,227,2.8,1007.9,2021-09-22 05:00:00+00:00
22,14,29.6,230,3.5,1007.9,2021-09-22 06:00:00+00:00
22,15,29.8,226,3.5,1007.6,2021-09-22 07:00:00+00:00
22,16,30,219,2.9,1007.3,2021-09-22 08:00:00+00:00
22,17,29.9,222,3.6,1007,2021-09-22 09:00:00+00:00
22,18,29.6,217,3.1,1006.9,2021-09-22 10:00:00+00:00
22,19,29.2,221,2.4,1007.1,2021-09-22 11:00:00+00:00
22,20,27.8,203,2.9,1007.3,2021-09-22 12:00:00+00:00
22,21,26.5,199,3.4,1007.6,2021-09-22 13:00:00+00:00
22,22,26.2,190,3,1008.1,2021-09-22 14:00:00+00:00
22,23,26.1,194,2.5,1008.9,2021-09-22 15:00:00+00:00
23,0,25.9,203,3.3,1009.5,2021-09-22 16:00:00+00:00
23,1,25.7,208,4.6,1009.7,2021-09-22 17:00:00+00:00
23,2,25.7,212,4.8,1010,2021-09-22 18:00:00+00:00
23,3,25.6,219,5.6,1010.1,2021-09-22 19:00:00+00:00
23,4,25.4,222,4.7,1010,2021-09-22 20:00:00+00:00
23,5,25.4,205,4.2,1010,2021-09-22 21:00:00+00:00
23,6,25.2,215,2.7,1010.1,2021-09-22 22:00:00+00:00
23,7,25,194,2.5,1010.1,2021-09-22 23:00:00+00:00
23,8,25,204,2.7,1010.3,2021-09-23 00:00:00+00:00
23,9,24.9,198,2.1,1010.9,2021-09-23 01:00:00+00:00
23,10,25.9,153,0.6,1011.4,2021-09-23 02:00:00+00:00
23,11,27.4,350,0.7,1011.9,2021-09-23 03:00:00+00:00
23,12,29,87,0.8,1012.4,2021-09-23 04:00:00+00:00
23,13,27.3,165,3.6,1012.7,2021-09-23 05:00:00+00:00
23,14,27.9,176,3.8,1012.6,2021-09-23 06:00:00+00:00
23,15,28.1,176,3.1,1012.2,2021-09-23 07:00:00+00:00
23,16,28.4,177,3.4,1012,2021-09-23 08:00:00+00:00
23,17,28.3,179,3.3,1011.9,2021-09-23 09:00:00+00:00
23,18,28.1,178,2.6,1011.6,2021-09-23 10:00:00+00:00
23,19,27.5,185,2.7,1011.7,2021-09-23 11:00:00+00:00
23,20,26.6,170,3.2,1011.9,2021-09-23 12:00:00+00:00
23,21,25.8,163,3.5,1012.2,2021-09-23 13:00:00+00:00
23,22,25.6,162,3.3,1012.7,2021-09-23 14:00:00+00:00
23,23,25.5,159,4.1,1013.5,2021-09-23 15:00:00+00:00
24,0,25.3,161,3.8,1013.8,2021-09-23 16:00:00+00:00
24,1,25.2,150,2.4,1013.9,2021-09-23 17:00:00+00:00
24,2,24.9,123,2,1013.8,2021-09-23 18:00:00+00:00
24,3,24.7,105,2.5,1013.9,2021-09-23 19:00:00+00:00
24,4,24.4,84,1.4,1014.1,2021-09-23 20:00:00+00:00
24,5,24.6,107,2.6,1013.9,2021-09-23 21:00:00+00:00
24,6,24.4,234,0.9,1013.8,2021-09-23 22:00:00+00:00
24,7,24,76,1.8,1014,2021-09-23 23:00:00+00:00
24,8,24.2,95,1.6,1014.1,2021-09-24 00:00:00+00:00
24,9,24.5,117,3.2,1014.1,2021-09-24 01:00:00+00:00
24,10,25.5,66,2,1014.8,2021-09-24 02:00:00+00:00
24,11,26.8,106,3.4,1014.9,2021-09-24 03:00:00+00:00
24,12,27.1,104,5.5,1015.2,2021-09-24 04:00:00+00:00
24,13,27.2,102,5.4,1015.4,2021-09-24 05:00:00+00:00
24,14,27.7,80,3.9,1015.2,2021-09-24 06:00:00+00:00
24,15,27,114,4.2,1014.7,2021-09-24 07:00:00+00:00
24,16,27.9,86,3.5,1014.2,2021-09-24 08:00:00+00:00
24,17,26.8,81,4,1013.9,2021-09-24 09:00:00+00:00
24,18,26.3,93,4.3,1013.4,2021-09-24 10:00:00+00:00
24,19,25.7,81,4.3,1013.2,2021-09-24 11:00:00+00:00
24,20,24.8,72,3.7,1013.2,2021-09-24 12:00:00+00:00
24,21,24.1,89,5.5,1013.2,2021-09-24 13:00:00+00:00
24,22,23.6,82,3.7,1013.2,2021-09-24 14:00:00+00:00
24,23,23.6,81,4,1013.8,2021-09-24 15:00:00+00:00
25,0,23.6,86,3.3,1014.1,2021-09-24 16:00:00+00:00
25,1,23.8,92,3.6,1013.9,2021-09-24 17:00:00+00:00
25,2,24,94,2.9,1013.5,2021-09-24 18:00:00+00:00
25,3,23.7,242,1.4,1013.3,2021-09-24 19:00:00+00:00
25,4,24.1,170,5.8,1012.8,2021-09-24 20:00:00+00:00
25,5,24,174,3.4,1012.4,2021-09-24 21:00:00+00:00
25,6,24.4,170,5.7,1012,2021-09-24 22:00:00+00:00
25,7,24.2,148,2.3,1011.9,2021-09-24 23:00:00+00:00
25,8,24,114,0.9,1012.3,2021-09-25 00:00:00+00:00
25,9,23.9,102,2.6,1012.9,2021-09-25 01:00:00+00:00
25,10,25.3,87,1.4,1013.6,2021-09-25 02:00:00+00:00
25,11,26.2,97,2.7,1013.9,2021-09-25 03:00:00+00:00
25,12,26.5,112,3.2,1014.3,2021-09-25 04:00:00+00:00
25,13,26.1,115,4.6,1014.1,2021-09-25 05:00:00+00:00
25,14,26.7,114,4,1013.2,2021-09-25 06:00:00+00:00
25,15,26.5,124,2.9,1012.6,2021-09-25 07:00:00+00:00
25,16,26.1,119,4.3,1011.9,2021-09-25 08:00:00+00:00
25,17,26.4,110,4.3,1011.6,2021-09-25 09:00:00+00:00
25,18,26.1,111,5.6,1011.2,2021-09-25 10:00:00+00:00
25,19,26,109,3.6,1011.5,2021-09-25 11:00:00+00:00
25,20,25.4,106,3.8,1011.6,2021-09-25 12:00:00+00:00
25,21,24.7,110,1.8,1012,2021-09-25 13:00:00+00:00
25,22,24.5,98,3.1,1012.1,2021-09-25 14:00:00+00:00
25,23,24.5,104,3.9,1012.3,2021-09-25 15:00:00+00:00
26,0,24.4,113,4.2,1012.2,2021-09-25 16:00:00+00:00
26,1,24,84,2.7,1012.2,2021-09-25 17:00:00+00:00
26,2,24.2,106,3.9,1011.8,2021-09-25 18:00:00+00:00
26,3,24.2,105,3.3,1011.9,2021-09-25 19:00:00+00:00
26,4,24,101,2,1011.4,2021-09-25 20:00:00+00:00
26,5,24.1,180,1.9,1011.1,2021-09-25 21:00:00+00:00
26,6,24.1,169,3,1010.8,2021-09-25 22:00:00+00:00
26,7,23.9,174,2.1,1010.6,2021-09-25 23:00:00+00:00
26,8,23.5,170,1.2,1010.9,2021-09-26 00:00:00+00:00
26,9,23.5,148,0.9,1011.3,2021-09-26 01:00:00+00:00
26,10,24.7,101,1.1,1011.3,2021-09-26 02:00:00+00:00
26,11,25.5,102,3.7,1011.3,2021-09-26 03:00:00+00:00
26,12,26.5,101,3.4,1011.6,2021-09-26 04:00:00+00:00
26,13,26.2,115,4.4,1011.7,2021-09-26 05:00:00+00:00
26,14,26.6,106,3.7,1011.3,2021-09-26 06:00:00+00:00
26,15,27.2,122,3.3,1010.8,2021-09-26 07:00:00+00:00
26,16,27,112,4.2,1010.1,2021-09-26 08:00:00+00:00
26,17,26.9,117,4.5,1009.7,2021-09-26 09:00:00+00:00
26,18,26.6,108,4.4,1009.5,2021-09-26 10:00:00+00:00
26,19,26.6,107,5.7,1009.4,2021-09-26 11:00:00+00:00
26,20,26.2,113,3.4,1009.7,2021-09-26 12:00:00+00:00
26,21,25.9,109,5.1,1009.5,2021-09-26 13:00:00+00:00
26,22,25.8,107,5.6,1009.7,2021-09-26 14:00:00+00:00
26,23,25.8,106,6.1,1010.3,2021-09-26 15:00:00+00:00
27,0,25.7,109,6.2,1010.5,2021-09-26 16:00:00+00:00
27,1,25.7,106,5.4,1010.3,2021-09-26 17:00:00+00:00
27,2,25.5,109,5.7,1010.1,2021-09-26 18:00:00+00:00
27,3,25.4,106,5.1,1009.6,2021-09-26 19:00:00+00:00
27,4,25.2,103,3,1009.2,2021-09-26 20:00:00+00:00
27,5,25.1,101,2.9,1008.6,2021-09-26 21:00:00+00:00
27,6,24.9,122,1.5,1008.4,2021-09-26 22:00:00+00:00
27,7,24.9,168,1.5,1008.1,2021-09-26 23:00:00+00:00
27,8,24.9,182,1.2,1008.1,2021-09-27 00:00:00+00:00
27,9,24.8,198,0.9,1008.3,2021-09-27 01:00:00+00:00
27,10,25.7,113,2.1,1008.6,2021-09-27 02:00:00+00:00
27,11,26.6,106,3.4,1008.9,2021-09-27 03:00:00+00:00
27,12,27.4,107,3.3,1009.2,2021-09-27 04:00:00+00:00
27,13,27.1,111,3.4,1009,2021-09-27 05:00:00+00:00
27,14,27.1,95,3.7,1008.8,2021-09-27 06:00:00+00:00
27,15,26.8,92,3.4,1008.5,2021-09-27 07:00:00+00:00
27,16,26.6,109,3.6,1007.9,2021-09-27 08:00:00+00:00
27,17,26.3,115,3.5,1007.5,2021-09-27 09:00:00+00:00
27,18,26.2,115,3.7,1007.5,2021-09-27 10:00:00+00:00
27,19,26.3,114,4.2,1007.5,2021-09-27 11:00:00+00:00
27,20,25.6,114,4.6,1007.4,2021-09-27 12:00:00+00:00
27,21,25.2,111,3.7,1007.2,2021-09-27 13:00:00+00:00
27,22,25.2,123,3.1,1007.5,2021-09-27 14:00:00+00:00
27,23,24.9,113,1.8,1007.8,2021-09-27 15:00:00+00:00
28,0,24.8,118,1.8,1008.1,2021-09-27 16:00:00+00:00
28,1,24.7,105,3.1,1008.2,2021-09-27 17:00:00+00:00
28,2,24.6,106,2.3,1008.2,2021-09-27 18:00:00+00:00
28,3,24.5,115,1.2,1007.8,2021-09-27 19:00:00+00:00
28,4,24.6,168,3.4,1007,2021-09-27 20:00:00+00:00
28,5,24.6,170,3.2,1006.5,2021-09-27 21:00:00+00:00
28,6,24.4,196,2,1006.3,2021-09-27 22:00:00+00:00
28,7,24.2,223,1.5,1006.3,2021-09-27 23:00:00+00:00
28,8,23.9,279,0.3,1006.5,2021-09-28 00:00:00+00:00
28,9,24,,0,1006.6,2021-09-28 01:00:00+00:00
28,10,25.2,,0,1006.9,2021-09-28 02:00:00+00:00
28,11,26.3,10,1.2,1007.2,2021-09-28 03:00:00+00:00
28,12,26.7,358,2.8,1007.4,2021-09-28 04:00:00+00:00
28,13,27.4,4,2.5,1007.4,2021-09-28 05:00:00+00:00
28,14,27.1,4,3.4,1007.2,2021-09-28 06:00:00+00:00
28,15,27.3,4,3.7,1006.5,2021-09-28 07:00:00+00:00
28,16,27.8,79,3,1005.8,2021-09-28 08:00:00+00:00
28,17,26.9,65,2.8,1005.4,2021-09-28 09:00:00+00:00
28,18,26.9,52,3.2,1005.3,2021-09-28 10:00:00+00:00
28,19,26.2,82,2.9,1005.4,2021-09-28 11:00:00+00:00
28,20,26,113,1.9,1005.5,2021-09-28 12:00:00+00:00
28,21,25.1,86,2.7,1005.4,2021-09-28 13:00:00+00:00
28,22,25,110,2.6,1005.5,2021-09-28 14:00:00+00:00
28,23,25.1,106,3.6,1005.5,2021-09-28 15:00:00+00:00
29,0,24.9,105,2.3,1005.5,2021-09-28 16:00:00+00:00
29,1,25,111,3.6,1005.5,2021-09-28 17:00:00+00:00
29,2,24.9,151,0.8,1005.1,2021-09-28 18:00:00+00:00
29,3,25.1,188,3.7,1004.6,2021-09-28 19:00:00+00:00
29,4,25.3,165,6.5,1004.6,2021-09-28 20:00:00+00:00
29,5,25.4,172,6,1004.2,2021-09-28 21:00:00+00:00
29,6,25.3,184,5.2,1003.7,2021-09-28 22:00:00+00:00
29,7,25.3,192,4.5,1003.6,2021-09-28 23:00:00+00:00
29,8,25.3,205,3.8,1003.8,2021-09-29 00:00:00+00:00
29,9,25.2,194,3.5,1003.4,2021-09-29 01:00:00+00:00
29,10,25.7,191,4.1,1003.3,2021-09-29 02:00:00+00:00
29,11,26,189,4.2,1003.7,2021-09-29 03:00:00+00:00
29,12,27.2,192,3.8,1004.3,2021-09-29 04:00:00+00:00
29,13,27.6,196,4.2,1004,2021-09-29 05:00:00+00:00
29,14,27.8,194,4,1003.7,2021-09-29 06:00:00+00:00
29,15,27.7,193,3.9,1002.7,2021-09-29 07:00:00+00:00
29,16,28.2,196,3.3,1002.2,2021-09-29 08:00:00+00:00
29,17,28.3,193,3.4,1002.1,2021-09-29 09:00:00+00:00
29,18,28,195,3.5,1001.6,2021-09-29 10:00:00+00:00
29,19,27.5,195,3.5,1001.8,2021-09-29 11:00:00+00:00
29,20,26.9,192,3.3,1002.3,2021-09-29 12:00:00+00:00
29,21,26.5,210,2.5,1002.9,2021-09-29 13:00:00+00:00
29,22,26.3,226,2.1,1003.1,2021-09-29 14:00:00+00:00
29,23,26.4,207,2.6,1003.3,2021-09-29 15:00:00+00:00
30,0,26,268,3.3,1003.9,2021-09-29 16:00:00+00:00
30,1,26,332,4.5,1003.6,2021-09-29 17:00:00+00:00
30,2,25.9,327,6.4,1003.3,2021-09-29 18:00:00+00:00
30,3,25.4,329,8.2,1003.2,2021-09-29 19:00:00+00:00
30,4,25.3,347,10.7,1002.8,2021-09-29 20:00:00+00:00
30,5,25.2,352,10.1,1002.8,2021-09-29 21:00:00+00:00
30,6,25.1,339,8.4,1002.9,2021-09-29 22:00:00+00:00
30,7,24.3,2,10,1002.7,2021-09-29 23:00:00+00:00
30,8,24.6,355,9.6,1003.1,2021-09-30 00:00:00+00:00
30,9,24.6,2,10.5,1003.6,2021-09-30 01:00:00+00:00
30,10,24.8,0,10.3,1004.1,2021-09-30 02:00:00+00:00
30,11,24.7,5,11.6,1004.4,2021-09-30 03:00:00+00:00
30,12,24.8,0,9.8,1004.9,2021-09-30 04:00:00+00:00
30,13,25.4,3,9.5,1004.8,2021-09-30 05:00:00+00:00
30,14,25.4,0,9.3,1004.4,2021-09-30 06:00:00+00:00
30,15,26,5,7.8,1004,2021-09-30 07:00:00+00:00
30,16,25.7,2,7.4,1003.7,2021-09-30 08:00:00+00:00
30,17,25.6,357,8.6,1003.4,2021-09-30 09:00:00+00:00
30,18,25.4,15,9.8,1003,2021-09-30 10:00:00+00:00
30,19,25.3,5,10.1,1003.2,2021-09-30 11:00:00+00:00
30,20,24.8,16,12.1,1003.5,2021-09-30 12:00:00+00:00
30,21,24.5,17,9.5,1003.9,2021-09-30 13:00:00+00:00
30,22,24.3,15,8.7,1004.4,2021-09-30 14:00:00+00:00
30,23,24.1,17,8.1,1005,2021-09-30 15:00:00+00:00
